Current,New
1Alphen,1Alphen
1A,1A
1Bord13-17,1Bord13-17
1KARL,1KARL
1SPV,1SPV
2023-0044-AF4,AH23_0044_AF4
2023-0045-AF2,AH23_0045_AF2
2023-0048-AF1,AH23_0048_AF1
2023-0049-AF3,AH23_0049_AF3
2023-0060,AH23_0060
2023-0061-AF1,AH23_0061_AF1
2023-0134-F4,AH23_0134_F4
2023-0141-AF2,AH23_0141_AF2
2023-0502-AF2,AH23_0502_AF2
2023-0510-AF1,AH23_0510_AF1
2023-0520B,AH23_0520B
2023-0771-P5,AH23_0771_P5
2023-1196-AF1,AH23_1196_AF1
2023-1200-AF1,AH23_1200_AF1
2023-1333-AF1,AH23_1333_AF1
2023-1398-AF1,AH23_1398_AF1
2023-1590-AF3,AH23_1590_AF3
2023-1591-F1,AH23_1591_F1
2023-1656-AF5,AH23_1656_AF5
2023-1672-AF2,AH23_1672_AF2
2023-1674-AF2,AH23_1674_AF2
2023-1676-AF1,AH23_1676_AF1
2023-1677-AF4,AH23_1677_AF4
2023-1678-AF1,AH23_1678_AF1
2023-1679-AF2,AH23_1679_AF2
2023-1681-AF3,AH23_1681_AF3
2023-1682-AF2,AH23_1682_AF2
2023-1683-AF2,AH23_1683_AF2
2023-1684-AF3,AH23_1684_AF3
2023-2001-FA4,AH23_2001_FA4
2023-2002-P1,AH23_2002_P1
2023-2010-AF2,AH23_2010_AF2
2023-2031-AF3,AH23_2031_AF3
2023-2032-AF3,AH23_2032_AF3
2023-2412-T1,AH23_2412_T1
2023-2413-F4,AH23_2413_F4
2023-2414-AF2,AH23_2414_AF2
2023-2415-AF1,AH23_2415_AF1
2023-2417-AF1,AH23_2417_AF1
2023-2610-AF1,AH23_2610_AF1
2023-2614-AF2,AH23_2614_AF2
2023-2824-AF1,AH23_2824_AF1
2023-2825-AF1,AH23_2825_AF1
2023-2826-AF1,AH23_2826_AF1
2023-2994-T2,AH23_2994_T2
2023-2998-F3,AH23_2998_F3
2023-2999-AF1,AH23_2999_AF1
2023-3019-AF2,AH23_3019_AF2
2023-3020-AF1,AH23_3020_AF1
2023-3095-AF3,AH23_3095_AF3
2023-3193-T2,AH23_3193_T2
2023-3276-AF1,AH23_3276_AF1
2023-3423-AF,AH23_3423_AF
2023-3689-AF2,AH23_3689_AF2
2023-3690-AF1,AH23_3690_AF1
2023-3706-AF6,AH23_3706_AF6
2023-3876-AF3,AH23_3876_AF3
2023-3910-AF9,AH23_3910_AF9
2023-3939-T4,AH23_3939_T4
2Bord20-21,2Bord20-21
2Boul,2Boul
2CV,2CV
2HAM,2HAM
2Steenbergen,2Steenbergen
4HDF,4HDF
4IS,4IS
4NL,4NL
A2,A2
AH012,AH012
AH-2024-004248-AF05,AH24_004248_AF05
AH-2024-1201-AF05,AH24_1201_AF05
AH-2024-1295-AF08,AH24_1295_AF08
AH-2024-2184-AF01,AH24_2184_AF01
AH-2024-2196-AF01,AH24_2196_AF01
AH-2024-2199-AF03,AH24_2199_AF03
AH-2024-2373-AF03,AH24_2373_AF03
AH-2024-2376-TA04,AH24_2376_TA04
AH-2024-2377-AF04,AH24_2377_AF04
AH-2024-2683-L2,AH24_2683_L2
AH-2024-2699-AF02,AH24_2699_AF02
AH-2024-2759,AH24_2759
AH-2024-2803-AF06,AH24_2803_AF06
AH-2024-2817-AF08,AH24_2817_AF08
AH-2024-2818-AF05,AH24_2818_AF05
AH-2024-3574-AF04,AH24_3574_AF04
AH-2024-3576-AF01,AH24_3576_AF01
AH-2024-3838-AF01,AH24_3838_AF01
AsAd48,AH21_3262_Ad48
Dray-TA6,AH19_2421_TA6
FOW2-TA2,AH18_2094_TA2
FOWTA1-2023-Extract,AH18_2054_TA1
Ham1-TA5,AH18_2102_TA5
HAM2-TA9,AH18_2125_TA9
Lux-3,Lux_3
Ray-AdF77,AH22_3602_AdF77
SE1912495-L6,AH19_2495_L6
SE192506-TA6,AH19_2506_TA6
SE20-2833AD16,AH20_2833_AD16
WVU3-2023-Extract,AH17_WVU3
