2023-0044-AF4_combined,2023,#2EC4C4,16
2023-0045-AF2_combined,2023,#2EC4C4,16
2023-0048-AF1,2023,#2EC4C4,16
2023-0049-AF3,2023,#2EC4C4,16
2023-0060,2023,#2EC4C4,16
2023-0061-AF1,2023,#2EC4C4,16
2023-0134-F4,2023,#2EC4C4,16
2023-0141-AF2,2023,#2EC4C4,16
2023-0502-AF2,2023,#2EC4C4,16
2023-0510-AF1,2023,#2EC4C4,16
2023-0520B,2023,#2EC4C4,16
2023-0771-P5,2023,#2EC4C4,16
2023-1196-AF1_combined,2023,#2EC4C4,16
2023-1200-AF1,2023,#2EC4C4,16
2023-1333-AF1,2023,#2EC4C4,16
2023-1398-AF1,2023,#2EC4C4,16
2023-1590-AF3_combined,2023,#2EC4C4,16
2023-1591-F1,2023,#2EC4C4,16
2023-1656-AF5,2023,#2EC4C4,16
2023-1672-AF2,2023,#2EC4C4,16
2023-1674-AF2_combined,2023,#2EC4C4,16
2023-1676-AF1_combined,2023,#2EC4C4,16
2023-1677-AF4,2023,#2EC4C4,16
2023-1678-AF1,2023,#2EC4C4,16
2023-1679-AF2_combined,2023,#2EC4C4,16
2023-1681-AF3,2023,#2EC4C4,16
2023-1682-AF2_combined,2023,#2EC4C4,16
2023-1683-AF2,2023,#2EC4C4,16
2023-1684-AF3,2023,#2EC4C4,16
2023-2001-FA4,2023,#2EC4C4,16
2023-2002-P1,2023,#2EC4C4,16
2023-2010-AF2,2023,#2EC4C4,16
2023-2031-AF3_combined,2023,#2EC4C4,16
2023-2032-AF3,2023,#2EC4C4,16
2023-2412-T1,2023,#2EC4C4,16
2023-2413-F4_combined,2023,#2EC4C4,16
2023-2414-AF2,2023,#2EC4C4,16
2023-2415-AF1,2023,#2EC4C4,16
2023-2417-AF1,2023,#2EC4C4,16
2023-2610-AF1,2023,#2EC4C4,16
2023-2614-AF2_combined,2023,#2EC4C4,16
2023-2824-AF1,2023,#2EC4C4,16
2023-2825-AF1,2023,#2EC4C4,16
2023-2826-AF1_combined,2023,#2EC4C4,16
2023-2994-T2,2023,#2EC4C4,16
2023-2998-F3,2023,#2EC4C4,16
2023-2999-AF1,2023,#2EC4C4,16
2023-3019-AF2_combined,2023,#2EC4C4,16
2023-3020-AF1,2023,#2EC4C4,16
2023-3095-AF3,2023,#2EC4C4,16
2023-3193-T2,2023,#2EC4C4,16
2023-3276-AF1,2023,#2EC4C4,16
2023-3423-AF,2023,#2EC4C4,16
2023-3689-AF2,2023,#2EC4C4,16
2023-3690-AF1,2023,#2EC4C4,16
2023-3706-AF6,2023,#2EC4C4,16
2023-3876-AF3,2023,#2EC4C4,16
2023-3910-AF9_combined,2023,#2EC4C4,16
2023-3939-T4,2023,#2EC4C4,16
AH012_combined,2016,#FF0000,16
AH-2024-004248-AF05,2024,#0000FF,16
AH-2024-1201-AF05,2024,#0000FF,16
AH-2024-1295-AF08,2024,#0000FF,16
AH-2024-2184-AF01,2024,#0000FF,16
AH-2024-2196-AF01,2024,#0000FF,16
AH-2024-2199-AF03,2024,#0000FF,16
AH-2024-2373-AF03,2024,#0000FF,16
AH-2024-2376-TA04,2024,#0000FF,16
AH-2024-2377-AF04,2024,#0000FF,16
AH-2024-2683-L2,2024,#0000FF,16
AH-2024-2699-AF02,2024,#0000FF,16
AH-2024-2759,2024,#0000FF,16
AH-2024-2803-AF06,2024,#0000FF,16
AH-2024-2817-AF08,2024,#0000FF,16
AH-2024-2818-AF05,2024,#0000FF,16
AH-2024-3574-AF04,2024,#0000FF,16
AH-2024-3576-AF01,2024,#0000FF,16
AH-2024-3838-AF01,2024,#0000FF,16
AsAd35_combined,2021,#6A8C8C,16
Dray-TA6_combined,2019,#A65454,16
FOW2-TA2_combined,2018,#C43838,16
FOWTA1-2023-Extract_combined,2018,#C43838,16
Ham1-TA5_combined,2018,#C43838,16
HAM2-TA9_combined,2018,#C43838,16
Ray-AdF77_combined,2022,#4CA8A8,16
SE1912495-L6_combined,2019,#A65454,16
SE192506-TA6_combined,2019,#A65454,16
SE20-2833AD16_combined,2020,#887070,16
WVU3-2023-Extract_combined,2017,#E31C1C,16
